firstname,lastname,email
Mollie Garcia,Andre Norton,ej@jo.sz
Franklin Mitchell,Owen Pratt,ocade@lij.sy
Phillip Owen,Ellen Pratt,nelumnuw@ziponu.ki
Patrick Schwartz,Cecilia Caldwell,begup@fegu.im
Augusta Klein,Nellie Higgins,dut@facuz.ag
Adam Singleton,Brett Diaz,du@pevvitis.et
Troy Sims,Adeline Chandler,ek@sikbuc.li
Harold Poole,Winifred Nichols,hihvurub@hok.va
Shawn Robinson,Jon Barber,ez@gaesi.gp
Nathaniel Steele,Nellie Sutton,cuttihtip@bi.gh
Rena Malone,Gussie Stokes,makasac@wir.an
Abbie Saunders,Sean Paul,ruuswi@affapjig.ao
Ray Briggs,Lizzie Doyle,difo@bas.lt
Clayton Williamson,Charles Hart,fov@dofivuto.sy
Adelaide Sherman,Jane Stevens,nuweoj@ma.tk
Carrie Casey,Garrett Ray,sokkipuca@liz.ci
Etta Hoffman,Jean Obrien,ki@tirijemoj.cg
Sue Nash,Jean Robinson,woliddi@kafej.sx
Jim Gomez,Noah Tyler,rulubnej@tehegbeh.pl
Lee Sutton,Olive Gross,hani@bieni.at
Michael Wright,Alexander Robbins,hetil@javiwmav.ai
Noah Hubbard,Bernice Jimenez,ni@lor.in
Marie Carter,Elijah Maldonado,paab@mirate.sl
Lucy Mullins,Eddie Clarke,hez@wizefaode.st
Melvin Jimenez,Agnes Hodges,kiwheji@lir.ye
Chris Henderson,Randy Ross,epovihbeh@bodju.gm
Lloyd Robinson,Sylvia Vaughn,beg@ir.tc
Elva Alvarado,Keith Palmer,pol@ruboki.bq
Leonard Hogan,Cordelia Page,ku@mocuba.mt
Isabel Mason,Todd Gibson,piref@kutatre.ad
Bobby Carson,Landon Young,wedofice@ac.ye
Carrie Parker,Isaiah Strickland,ni@awbimid.bo
Roy Cohen,Mitchell Alvarado,jij@cujo.cn
Amelia Morrison,Terry Rice,so@sedikis.tj
Sam Guerrero,Tyler Allison,vovu@itemu.re
Ivan Miles,William Caldwell,jecieb@rada.ki
Philip Mills,Matilda Howard,owpafri@urzec.bo
Joel Wright,Margaret Hopkins,pofol@bendi.aq
Fannie Copeland,Alexander Bishop,kuhorniw@bal.ni
Jon Phelps,Nelle Norris,sinakel@leke.iq
Jorge Wagner,Kenneth McCormick,jirzafbo@josaheb.bq
Craig Howard,Ray Hoffman,gatvi@epipofkap.br
Linnie Nelson,Carolyn Wagner,wutapu@fum.cc
Billy George,Nellie Bush,le@bobew.sj
Johnny Hughes,Jim Garner,mahar@ho.na
Ollie Barker,Samuel Cobb,nac@bawazane.gf
Caroline Brown,Marguerite Manning,worata@aseso.ar
Ronnie Holloway,Glenn Carson,lan@pircisalo.bm
Kevin Wright,Edgar Hanson,bi@urvafeh.hn
Max Ramirez,Evelyn Powers,faco@bonvav.gg
Lillie Black,Owen Armstrong,biwjev@hiwagug.sm
Agnes Evans,Isabel Lynch,fejuk@dibuj.cl
Billy Terry,Dora Martinez,puwe@va.ua
Alma Graves,Phillip Little,mocwovmo@dukona.sv
Melvin Lyons,Leah Sanders,ugiruaw@sufulej.tl
Andre Townsend,Lizzie Cannon,vognatob@ujobozpa.yt
Clarence Hughes,Lucy Brown,evo@gafza.ma
Frances Lucas,Rebecca Johnson,ivku@abfu.bg
Harriett Marshall,Bertha Shaw,ru@at.lu
Jeremy Armstrong,Travis Hardy,ubmuup@rushojo.ao
Helena Parsons,Marc Collier,digtis@gevfez.lk
Millie Walsh,Lola Vargas,komfesfov@cuzsejhek.cr
Angel Mitchell,Alfred Wolfe,eteji@ofuzoguco.yt
Edna Welch,Victor Lewis,ibkogim@faoziewo.co
Sarah Woods,Rodney Day,egijuni@udeheej.sh
Essie Bowman,Robert Flowers,na@zawuero.as
Ruth Ray,Henry Briggs,haiscez@sag.kg
Ralph Barton,Clarence Hicks,gout@vunzer.sy
Lucile Gonzalez,Jeremiah Peterson,ciobipi@uztombe.bv
Augusta Ball,Vincent Torres,ip@iba.aw
Nettie Gill,Joseph Mendez,kodap@cilfa.gn
Bruce White,Duane Wong,gocuh@zodibuh.me
Jeremy Ellis,Della Ray,dub@hecwoug.sy
Stanley Barber,Nell Graves,wi@do.bw
Lillian Williams,Nora Medina,ohe@wabafwo.cm
Cole Ross,Antonio Martin,fememin@sos.dk
Rose Jenkins,Danny Watts,sefis@ba.yt
Jose Woods,Maud Baldwin,dasukpo@bon.ba
Martha McLaughlin,Hester Brewer,pogi@sinri.km
Jeremiah Warner,Marvin Murray,ulomomdo@vinpezko.cg
David Cook,Carrie Medina,gesa@ba.rw
Dorothy Tate,Rena Hale,tucovre@bob.eh
Mildred Cohen,Maurice Logan,pe@la.ss
Charles Maxwell,Isabella Alvarado,wupmi@uvpu.fk
Lewis Lane,Agnes Cox,ammiup@no.io
Mark Goodwin,Jason Henry,vufebafel@ne.lr
Katie Mendoza,Aiden Simmons,wacfuk@avfibum.li
Beatrice Blake,Dominic Price,bomamle@lor.bf
Timothy McGuire,Lelia Guzman,vob@ipkaw.lb
Tyler Burns,George Moran,lepir@dakko.ag
Arthur Jefferson,Allen Reid,towisa@irvuk.au
Timothy Hudson,Gabriel Moore,huwifo@rubvo.pn
Ryan Tran,Flora Adams,ajeom@jotpi.me
Evelyn Bass,Phoebe McKenzie,nucehpos@ki.pr
Christine Briggs,Jonathan Patrick,vawfidju@ozwaljo.sy
Lou Carr,Cory Vargas,caw@carkur.pe
Rosie Mullins,Nina Peterson,ruge@wuwla.ao
Todd Holland,Tom Griffin,ugaibjab@puk.bo
Ophelia Summers,Barry Owen,maag@lomekube.sd
Hannah Howard,Andre Russell,divukfu@rup.mg
